frame,Ca-O_SiO2_Surface,Ca-O_SiO2_Structural,Ca-O_Water_IF_CaCoord,CSH_Si-O_SiO2_Surface,CSH_Si-O_SiO2_Structural,Si_Surface-O_Hydroxyl_CSH,Si_Bulk-O_Hydroxyl_CSH,Si_Surface-O_NBO_CSH,Si_Bulk-O_NBO_CSH,Ca-O_SiO2_Surface_per_nm2,Ca-O_SiO2_Structural_per_nm2,Ca-O_Water_IF_CaCoord_per_nm2,CSH_Si-O_SiO2_Surface_per_nm2,CSH_Si-O_SiO2_Structural_per_nm2,Si_Surface-O_Hydroxyl_CSH_per_nm2,Si_Bulk-O_Hydroxyl_CSH_per_nm2,Si_Surface-O_NBO_CSH_per_nm2,Si_Bulk-O_NBO_CSH_per_nm2,Ca-O_SiO2_Surface_per_nm3,Ca-O_SiO2_Structural_per_nm3,Ca-O_Water_IF_CaCoord_per_nm3,CSH_Si-O_SiO2_Surface_per_nm3,CSH_Si-O_SiO2_Structural_per_nm3,Si_Surface-O_Hydroxyl_CSH_per_nm3,Si_Bulk-O_Hydroxyl_CSH_per_nm3,Si_Surface-O_NBO_CSH_per_nm3,Si_Bulk-O_NBO_CSH_per_nm3,Ca-O_SiO2_Surface_per_Ca,Ca-O_SiO2_Structural_per_Ca,Ca-O_Water_IF_CaCoord_per_Ca,CN_Ca_total_per_Ca
0,0,0,102,0,0,0,0,0,0,0,0,5.254689011,0,0,0,0,0,0,0,0,2.296588659,0,0,0,0,0,0,0,0,0.4180327869,0.4180327869
1,0,0,107,0,0,0,0,0,0,0,0,5.512271806,0,0,0,0,0,0,0,0,2.403999289,0,0,0,0,0,0,0,0,0.4349593496,0.4349593496
2,0,0,103,0,0,0,0,0,0,0,0,5.30620557,0,0,0,0,0,0,0,0,2.311492005,0,0,0,0,0,0,0,0,0.4204081633,0.4204081633
3,0,0,108,0,0,0,0,0,0,0,0,5.563788365,0,0,0,0,0,0,0,0,2.438872818,0,0,0,0,0,0,0,0,0.4408163265,0.4408163265
4,0,0,108,0,0,0,0,0,0,0,0,5.563788365,0,0,0,0,0,0,0,0,2.432837899,0,0,0,0,0,0,0,0,0.4372469636,0.4372469636
5,0,0,101,0,0,0,0,0,0,0,0,5.203172452,0,0,0,0,0,0,0,0,2.268750836,0,0,0,0,0,0,0,0,0.4089068826,0.4089068826
6,0,0,107,0,0,0,0,0,0,0,0,5.512271806,0,0,0,0,0,0,0,0,2.402685804,0,0,0,0,0,0,0,0,0.4349593496,0.4349593496
7,0,0,110,0,0,0,0,0,0,0,0,5.666821483,0,0,0,0,0,0,0,0,2.478181946,0,0,0,0,0,0,0,0,0.4435483871,0.4435483871
8,0,0,115,0,0,0,0,0,0,0,0,5.924404277,0,0,0,0,0,0,0,0,2.581574194,0,0,0,0,0,0,0,0,0.4637096774,0.4637096774
9,0,0,112,0,0,0,0,0,0,0,0,5.7698546,0,0,0,0,0,0,0,0,2.519931589,0,0,0,0,0,0,0,0,0.4534412955,0.4534412955
10,0,0,110,0,0,0,0,0,0,0,0,5.666821483,0,0,0,0,0,0,0,0,2.462424351,0,0,0,0,0,0,0,0,0.4453441296,0.4453441296
11,0,0,108,0,0,0,0,0,0,0,0,5.563788365,0,0,0,0,0,0,0,0,2.432749076,0,0,0,0,0,0,0,0,0.4426229508,0.4426229508
12,0,0,102,0,0,0,0,0,0,0,0,5.254689011,0,0,0,0,0,0,0,0,2.287550098,0,0,0,0,0,0,0,0,0.4112903226,0.4112903226
13,0,0,101,0,0,0,0,0,0,0,0,5.203172452,0,0,0,0,0,0,0,0,2.271358025,0,0,0,0,0,0,0,0,0.4139344262,0.4139344262
14,0,0,102,0,0,0,0,0,0,0,0,5.254689011,0,0,0,0,0,0,0,0,2.292779286,0,0,0,0,0,0,0,0,0.4146341463,0.4146341463
15,0,0,104,0,0,0,0,0,0,0,0,5.357722129,0,0,0,0,0,0,0,0,2.336773236,0,0,0,0,0,0,0,0,0.4227642276,0.4227642276
16,0,0,107,0,0,0,0,0,0,0,0,5.512271806,0,0,0,0,0,0,0,0,2.407861072,0,0,0,0,0,0,0,0,0.4297188755,0.4297188755
17,0,0,109,0,0,0,0,0,0,0,0,5.615304924,0,0,0,0,0,0,0,0,2.443797845,0,0,0,0,0,0,0,0,0.4412955466,0.4412955466
18,0,0,108,0,0,0,0,0,0,0,0,5.563788365,0,0,0,0,0,0,0,0,2.411069834,0,0,0,0,0,0,0,0,0.4372469636,0.4372469636
19,0,0,110,0,0,0,0,0,0,0,0,5.666821483,0,0,0,0,0,0,0,0,2.473554885,0,0,0,0,0,0,0,0,0.4471544715,0.4471544715
20,0,0,108,0,0,0,0,0,0,0,0,5.563788365,0,0,0,0,0,0,0,0,2.423195253,0,0,0,0,0,0,0,0,0.4408163265,0.4408163265
21,0,0,116,0,0,0,0,0,0,0,0,5.975920836,0,0,0,0,0,0,0,0,2.604102097,0,0,0,0,0,0,0,0,0.4754098361,0.4754098361
22,0,0,114,0,0,0,0,0,0,0,0,5.872887718,0,0,0,0,0,0,0,0,2.552579323,0,0,0,0,0,0,0,0,0.4634146341,0.4634146341
23,0,0,102,0,0,0,0,0,0,0,0,5.254689011,0,0,0,0,0,0,0,0,2.288267834,0,0,0,0,0,0,0,0,0.4163265306,0.4163265306
24,0,0,108,0,0,0,0,0,0,0,0,5.563788365,0,0,0,0,0,0,0,0,2.420040632,0,0,0,0,0,0,0,0,0.435483871,0.435483871
25,0,0,112,0,0,0,0,0,0,0,0,5.7698546,0,0,0,0,0,0,0,0,2.519610267,0,0,0,0,0,0,0,0,0.4534412955,0.4534412955
26,0,0,106,0,0,0,0,0,0,0,0,5.460755247,0,0,0,0,0,0,0,0,2.376467542,0,0,0,0,0,0,0,0,0.4344262295,0.4344262295
27,0,0,106,0,0,0,0,0,0,0,0,5.460755247,0,0,0,0,0,0,0,0,2.377409568,0,0,0,0,0,0,0,0,0.4308943089,0.4308943089
28,0,0,112,0,0,0,0,0,0,0,0,5.7698546,0,0,0,0,0,0,0,0,2.519737906,0,0,0,0,0,0,0,0,0.4534412955,0.4534412955
29,0,0,113,0,0,0,0,0,0,0,0,5.821371159,0,0,0,0,0,0,0,0,2.547661631,0,0,0,0,0,0,0,0,0.4593495935,0.4593495935
30,0,0,102,0,0,0,0,0,0,0,0,5.254689011,0,0,0,0,0,0,0,0,2.285109882,0,0,0,0,0,0,0,0,0.4129554656,0.4129554656
31,0,0,104,0,0,0,0,0,0,0,0,5.357722129,0,0,0,0,0,0,0,0,2.331366768,0,0,0,0,0,0,0,0,0.4279835391,0.4279835391
32,0,0,113,0,0,0,0,0,0,0,0,5.821371159,0,0,0,0,0,0,0,0,2.547908618,0,0,0,0,0,0,0,0,0.4612244898,0.4612244898
33,0,0,108,0,0,0,0,0,0,0,0,5.563788365,0,0,0,0,0,0,0,0,2.422017501,0,0,0,0,0,0,0,0,0.4408163265,0.4408163265
34,0,0,110,0,0,0,0,0,0,0,0,5.666821483,0,0,0,0,0,0,0,0,2.472991409,0,0,0,0,0,0,0,0,0.4508196721,0.4508196721
35,0,0,107,0,0,0,0,0,0,0,0,5.512271806,0,0,0,0,0,0,0,0,2.409297632,0,0,0,0,0,0,0,0,0.4403292181,0.4403292181
36,0,0,112,0,0,0,0,0,0,0,0,5.7698546,0,0,0,0,0,0,0,0,2.523872786,0,0,0,0,0,0,0,0,0.4571428571,0.4571428571
37,0,0,103,0,0,0,0,0,0,0,0,5.30620557,0,0,0,0,0,0,0,0,2.317317662,0,0,0,0,0,0,0,0,0.418699187,0.418699187
38,0,0,104,0,0,0,0,0,0,0,0,5.357722129,0,0,0,0,0,0,0,0,2.332403006,0,0,0,0,0,0,0,0,0.4244897959,0.4244897959
39,0,0,113,0,0,0,0,0,0,0,0,5.821371159,0,0,0,0,0,0,0,0,2.529259907,0,0,0,0,0,0,0,0,0.4631147541,0.4631147541
40,0,0,104,0,0,0,0,0,0,0,0,5.357722129,0,0,0,0,0,0,0,0,2.326614027,0,0,0,0,0,0,0,0,0.4227642276,0.4227642276
41,0,0,110,0,0,0,0,0,0,0,0,5.666821483,0,0,0,0,0,0,0,0,2.457806854,0,0,0,0,0,0,0,0,0.4435483871,0.4435483871
42,0,0,102,0,0,0,0,0,0,0,0,5.254689011,0,0,0,0,0,0,0,0,2.291981738,0,0,0,0,0,0,0,0,0.4197530864,0.4197530864
43,0,0,110,0,0,0,0,0,0,0,0,5.666821483,0,0,0,0,0,0,0,0,2.464065764,0,0,0,0,0,0,0,0,0.4489795918,0.4489795918
44,0,0,109,0,0,0,0,0,0,0,0,5.615304924,0,0,0,0,0,0,0,0,2.440346195,0,0,0,0,0,0,0,0,0.4448979592,0.4448979592
45,0,0,105,0,0,0,0,0,0,0,0,5.409238688,0,0,0,0,0,0,0,0,2.353593265,0,0,0,0,0,0,0,0,0.4320987654,0.4320987654
46,0,0,106,0,0,0,0,0,0,0,0,5.460755247,0,0,0,0,0,0,0,0,2.371762404,0,0,0,0,0,0,0,0,0.4326530612,0.4326530612
47,0,0,106,0,0,0,0,0,0,0,0,5.460755247,0,0,0,0,0,0,0,0,2.376865264,0,0,0,0,0,0,0,0,0.4344262295,0.4344262295
48,0,0,111,0,0,0,0,0,0,0,0,5.718338041,0,0,0,0,0,0,0,0,2.490974364,0,0,0,0,0,0,0,0,0.4567901235,0.4567901235
49,0,0,107,0,0,0,0,0,0,0,0,5.512271806,0,0,0,0,0,0,0,0,2.40526803,0,0,0,0,0,0,0,0,0.4385245902,0.4385245902
50,0,0,104,0,0,0,0,0,0,0,0,5.357722129,0,0,0,0,0,0,0,0,2.3229301,0,0,0,0,0,0,0,0,0.4210526316,0.4210526316
51,0,0,109,0,0,0,0,0,0,0,0,5.615304924,0,0,0,0,0,0,0,0,2.44538356,0,0,0,0,0,0,0,0,0.4448979592,0.4448979592
52,0,0,108,0,0,0,0,0,0,0,0,5.563788365,0,0,0,0,0,0,0,0,2.425763585,0,0,0,0,0,0,0,0,0.4372469636,0.4372469636
53,0,0,110,0,0,0,0,0,0,0,0,5.666821483,0,0,0,0,0,0,0,0,2.459349253,0,0,0,0,0,0,0,0,0.4471544715,0.4471544715
54,0,0,111,0,0,0,0,0,0,0,0,5.718338041,0,0,0,0,0,0,0,0,2.483300937,0,0,0,0,0,0,0,0,0.4549180328,0.4549180328
55,0,0,101,0,0,0,0,0,0,0,0,5.203172452,0,0,0,0,0,0,0,0,2.261541423,0,0,0,0,0,0,0,0,0.4139344262,0.4139344262
56,0,0,109,0,0,0,0,0,0,0,0,5.615304924,0,0,0,0,0,0,0,0,2.450269078,0,0,0,0,0,0,0,0,0.4467213115,0.4467213115
57,0,0,118,0,0,0,0,0,0,0,0,6.078953954,0,0,0,0,0,0,0,0,2.637788022,0,0,0,0,0,0,0,0,0.4738955823,0.4738955823
58,0,0,114,0,0,0,0,0,0,0,0,5.872887718,0,0,0,0,0,0,0,0,2.556204035,0,0,0,0,0,0,0,0,0.4653061224,0.4653061224
59,0,0,104,0,0,0,0,0,0,0,0,5.357722129,0,0,0,0,0,0,0,0,2.337328314,0,0,0,0,0,0,0,0,0.4244897959,0.4244897959
60,0,0,104,0,0,0,0,0,0,0,0,5.357722129,0,0,0,0,0,0,0,0,2.338773058,0,0,0,0,0,0,0,0,0.4210526316,0.4210526316
61,0,0,108,0,0,0,0,0,0,0,0,5.563788365,0,0,0,0,0,0,0,0,2.427390754,0,0,0,0,0,0,0,0,0.4408163265,0.4408163265
62,0,0,105,0,0,0,0,0,0,0,0,5.409238688,0,0,0,0,0,0,0,0,2.357624212,0,0,0,0,0,0,0,0,0.4303278689,0.4303278689
63,0,0,109,0,0,0,0,0,0,0,0,5.615304924,0,0,0,0,0,0,0,0,2.449156558,0,0,0,0,0,0,0,0,0.4485596708,0.4485596708
64,0,0,117,0,0,0,0,0,0,0,0,6.027437395,0,0,0,0,0,0,0,0,2.636632754,0,0,0,0,0,0,0,0,0.4775510204,0.4775510204
65,0,0,108,0,0,0,0,0,0,0,0,5.563788365,0,0,0,0,0,0,0,0,2.434797914,0,0,0,0,0,0,0,0,0.4390243902,0.4390243902
66,0,0,112,0,0,0,0,0,0,0,0,5.7698546,0,0,0,0,0,0,0,0,2.523216627,0,0,0,0,0,0,0,0,0.4571428571,0.4571428571
67,0,0,109,0,0,0,0,0,0,0,0,5.615304924,0,0,0,0,0,0,0,0,2.445263229,0,0,0,0,0,0,0,0,0.4485596708,0.4485596708
68,0,0,109,0,0,0,0,0,0,0,0,5.615304924,0,0,0,0,0,0,0,0,2.442480818,0,0,0,0,0,0,0,0,0.4448979592,0.4448979592
69,0,0,109,0,0,0,0,0,0,0,0,5.615304924,0,0,0,0,0,0,0,0,2.430204623,0,0,0,0,0,0,0,0,0.4412955466,0.4412955466
70,0,0,124,0,0,0,0,0,0,0,0,6.388053308,0,0,0,0,0,0,0,0,2.786232909,0,0,0,0,0,0,0,0,0.5040650407,0.5040650407
71,0,0,113,0,0,0,0,0,0,0,0,5.821371159,0,0,0,0,0,0,0,0,2.542217247,0,0,0,0,0,0,0,0,0.4612244898,0.4612244898
72,0,0,109,0,0,0,0,0,0,0,0,5.615304924,0,0,0,0,0,0,0,0,2.440175459,0,0,0,0,0,0,0,0,0.4448979592,0.4448979592
73,0,0,112,0,0,0,0,0,0,0,0,5.7698546,0,0,0,0,0,0,0,0,2.513485648,0,0,0,0,0,0,0,0,0.4534412955,0.4534412955
74,0,0,117,0,0,0,0,0,0,0,0,6.027437395,0,0,0,0,0,0,0,0,2.628768422,0,0,0,0,0,0,0,0,0.4736842105,0.4736842105
75,0,0,105,0,0,0,0,0,0,0,0,5.409238688,0,0,0,0,0,0,0,0,2.351075231,0,0,0,0,0,0,0,0,0.4268292683,0.4268292683
76,0,0,106,0,0,0,0,0,0,0,0,5.460755247,0,0,0,0,0,0,0,0,2.374648716,0,0,0,0,0,0,0,0,0.4291497976,0.4291497976
77,0,0,116,0,0,0,0,0,0,0,0,5.975920836,0,0,0,0,0,0,0,0,2.609260218,0,0,0,0,0,0,0,0,0.4754098361,0.4754098361
78,0,0,110,0,0,0,0,0,0,0,0,5.666821483,0,0,0,0,0,0,0,0,2.467911236,0,0,0,0,0,0,0,0,0.4489795918,0.4489795918
79,0,0,99,0,0,0,0,0,0,0,0,5.100139334,0,0,0,0,0,0,0,0,2.226795227,0,0,0,0,0,0,0,0,0.4040816327,0.4040816327
80,0,0,114,0,0,0,0,0,0,0,0,5.872887718,0,0,0,0,0,0,0,0,2.56714862,0,0,0,0,0,0,0,0,0.4710743802,0.4710743802
81,0,0,110,0,0,0,0,0,0,0,0,5.666821483,0,0,0,0,0,0,0,0,2.468224037,0,0,0,0,0,0,0,0,0.4526748971,0.4526748971
82,0,0,104,0,0,0,0,0,0,0,0,5.357722129,0,0,0,0,0,0,0,0,2.324031936,0,0,0,0,0,0,0,0,0.4227642276,0.4227642276
83,0,0,109,0,0,0,0,0,0,0,0,5.615304924,0,0,0,0,0,0,0,0,2.436694903,0,0,0,0,0,0,0,0,0.4485596708,0.4485596708
84,0,0,104,0,0,0,0,0,0,0,0,5.357722129,0,0,0,0,0,0,0,0,2.341288269,0,0,0,0,0,0,0,0,0.4262295082,0.4262295082
85,0,0,107,0,0,0,0,0,0,0,0,5.512271806,0,0,0,0,0,0,0,0,2.419432017,0,0,0,0,0,0,0,0,0.4349593496,0.4349593496
86,0,0,115,0,0,0,0,0,0,0,0,5.924404277,0,0,0,0,0,0,0,0,2.587816852,0,0,0,0,0,0,0,0,0.4655870445,0.4655870445
87,0,0,109,0,0,0,0,0,0,0,0,5.615304924,0,0,0,0,0,0,0,0,2.445940112,0,0,0,0,0,0,0,0,0.4412955466,0.4412955466
88,0,0,109,0,0,0,0,0,0,0,0,5.615304924,0,0,0,0,0,0,0,0,2.452728539,0,0,0,0,0,0,0,0,0.4448979592,0.4448979592
89,0,0,108,0,0,0,0,0,0,0,0,5.563788365,0,0,0,0,0,0,0,0,2.425795314,0,0,0,0,0,0,0,0,0.4390243902,0.4390243902
90,0,0,111,0,0,0,0,0,0,0,0,5.718338041,0,0,0,0,0,0,0,0,2.496693993,0,0,0,0,0,0,0,0,0.4530612245,0.4530612245
91,0,0,117,0,0,0,0,0,0,0,0,6.027437395,0,0,0,0,0,0,0,0,2.629594731,0,0,0,0,0,0,0,0,0.4775510204,0.4775510204
92,0,0,110,0,0,0,0,0,0,0,0,5.666821483,0,0,0,0,0,0,0,0,2.484830081,0,0,0,0,0,0,0,0,0.4526748971,0.4526748971
93,0,0,106,0,0,0,0,0,0,0,0,5.460755247,0,0,0,0,0,0,0,0,2.389451308,0,0,0,0,0,0,0,0,0.4344262295,0.4344262295
94,0,0,112,0,0,0,0,0,0,0,0,5.7698546,0,0,0,0,0,0,0,0,2.521347701,0,0,0,0,0,0,0,0,0.4571428571,0.4571428571
95,0,0,116,0,0,0,0,0,0,0,0,5.975920836,0,0,0,0,0,0,0,0,2.603556383,0,0,0,0,0,0,0,0,0.4696356275,0.4696356275
96,0,0,112,0,0,0,0,0,0,0,0,5.7698546,0,0,0,0,0,0,0,0,2.517795019,0,0,0,0,0,0,0,0,0.4534412955,0.4534412955
97,0,0,119,0,0,0,0,0,0,0,0,6.130470513,0,0,0,0,0,0,0,0,2.668220694,0,0,0,0,0,0,0,0,0.4798387097,0.4798387097
98,0,0,107,0,0,0,0,0,0,0,0,5.512271806,0,0,0,0,0,0,0,0,2.413249367,0,0,0,0,0,0,0,0,0.4331983806,0.4331983806
99,0,0,113,0,0,0,0,0,0,0,0,5.821371159,0,0,0,0,0,0,0,0,2.534993243,0,0,0,0,0,0,0,0,0.4574898785,0.4574898785
100,0,0,109,0,0,0,0,0,0,0,0,5.615304924,0,0,0,0,0,0,0,0,2.453375261,0,0,0,0,0,0,0,0,0.4448979592,0.4448979592
101,0,0,110,0,0,0,0,0,0,0,0,5.666821483,0,0,0,0,0,0,0,0,2.46947388,0,0,0,0,0,0,0,0,0.4453441296,0.4453441296
102,0,0,105,0,0,0,0,0,0,0,0,5.409238688,0,0,0,0,0,0,0,0,2.359534992,0,0,0,0,0,0,0,0,0.4251012146,0.4251012146
103,0,0,111,0,0,0,0,0,0,0,0,5.718338041,0,0,0,0,0,0,0,0,2.499593716,0,0,0,0,0,0,0,0,0.4530612245,0.4530612245
104,0,0,106,0,0,0,0,0,0,0,0,5.460755247,0,0,0,0,0,0,0,0,2.379475223,0,0,0,0,0,0,0,0,0.4274193548,0.4274193548
105,0,0,103,0,0,0,0,0,0,0,0,5.30620557,0,0,0,0,0,0,0,0,2.321597268,0,0,0,0,0,0,0,0,0.4204081633,0.4204081633
106,0,0,116,0,0,0,0,0,0,0,0,5.975920836,0,0,0,0,0,0,0,0,2.608836475,0,0,0,0,0,0,0,0,0.4754098361,0.4754098361
107,0,0,115,0,0,0,0,0,0,0,0,5.924404277,0,0,0,0,0,0,0,0,2.576047471,0,0,0,0,0,0,0,0,0.4637096774,0.4637096774
108,0,0,106,0,0,0,0,0,0,0,0,5.460755247,0,0,0,0,0,0,0,0,2.379848542,0,0,0,0,0,0,0,0,0.4291497976,0.4291497976
109,0,0,109,0,0,0,0,0,0,0,0,5.615304924,0,0,0,0,0,0,0,0,2.436451731,0,0,0,0,0,0,0,0,0.4430894309,0.4430894309
110,0,0,113,0,0,0,0,0,0,0,0,5.821371159,0,0,0,0,0,0,0,0,2.537179739,0,0,0,0,0,0,0,0,0.453815261,0.453815261
111,0,0,117,0,0,0,0,0,0,0,0,6.027437395,0,0,0,0,0,0,0,0,2.628594166,0,0,0,0,0,0,0,0,0.4736842105,0.4736842105
112,0,0,101,0,0,0,0,0,0,0,0,5.203172452,0,0,0,0,0,0,0,0,2.27275346,0,0,0,0,0,0,0,0,0.4089068826,0.4089068826
113,0,0,107,0,0,0,0,0,0,0,0,5.512271806,0,0,0,0,0,0,0,0,2.403486718,0,0,0,0,0,0,0,0,0.4349593496,0.4349593496
114,0,0,107,0,0,0,0,0,0,0,0,5.512271806,0,0,0,0,0,0,0,0,2.394568094,0,0,0,0,0,0,0,0,0.4331983806,0.4331983806
115,0,0,114,0,0,0,0,0,0,0,0,5.872887718,0,0,0,0,0,0,0,0,2.565504604,0,0,0,0,0,0,0,0,0.4634146341,0.4634146341
116,0,0,106,0,0,0,0,0,0,0,0,5.460755247,0,0,0,0,0,0,0,0,2.380062735,0,0,0,0,0,0,0,0,0.4291497976,0.4291497976
117,0,0,111,0,0,0,0,0,0,0,0,5.718338041,0,0,0,0,0,0,0,0,2.495272241,0,0,0,0,0,0,0,0,0.4493927126,0.4493927126
118,0,0,99,0,0,0,0,0,0,0,0,5.100139334,0,0,0,0,0,0,0,0,2.226492898,0,0,0,0,0,0,0,0,0.4024390244,0.4024390244
119,0,0,100,0,0,0,0,0,0,0,0,5.151655893,0,0,0,0,0,0,0,0,2.236877772,0,0,0,0,0,0,0,0,0.406504065,0.406504065
120,0,0,108,0,0,0,0,0,0,0,0,5.563788365,0,0,0,0,0,0,0,0,2.435598904,0,0,0,0,0,0,0,0,0.4408163265,0.4408163265
121,0,0,113,0,0,0,0,0,0,0,0,5.821371159,0,0,0,0,0,0,0,0,2.535438192,0,0,0,0,0,0,0,0,0.4593495935,0.4593495935
122,0,0,106,0,0,0,0,0,0,0,0,5.460755247,0,0,0,0,0,0,0,0,2.379719422,0,0,0,0,0,0,0,0,0.4308943089,0.4308943089
123,0,0,109,0,0,0,0,0,0,0,0,5.615304924,0,0,0,0,0,0,0,0,2.445509228,0,0,0,0,0,0,0,0,0.4430894309,0.4430894309
124,0,0,117,0,0,0,0,0,0,0,0,6.027437395,0,0,0,0,0,0,0,0,2.623285308,0,0,0,0,0,0,0,0,0.4775510204,0.4775510204
125,0,0,116,0,0,0,0,0,0,0,0,5.975920836,0,0,0,0,0,0,0,0,2.596319849,0,0,0,0,0,0,0,0,0.4715447154,0.4715447154
126,0,0,120,0,0,0,0,0,0,0,0,6.181987072,0,0,0,0,0,0,0,0,2.701574416,0,0,0,0,0,0,0,0,0.4858299595,0.4858299595
127,0,0,107,0,0,0,0,0,0,0,0,5.512271806,0,0,0,0,0,0,0,0,2.408552827,0,0,0,0,0,0,0,0,0.4403292181,0.4403292181
128,0,0,100,0,0,0,0,0,0,0,0,5.151655893,0,0,0,0,0,0,0,0,2.240582474,0,0,0,0,0,0,0,0,0.406504065,0.406504065
129,0,0,110,0,0,0,0,0,0,0,0,5.666821483,0,0,0,0,0,0,0,0,2.47512901,0,0,0,0,0,0,0,0,0.4489795918,0.4489795918
130,0,0,114,0,0,0,0,0,0,0,0,5.872887718,0,0,0,0,0,0,0,0,2.579535463,0,0,0,0,0,0,0,0,0.4691358025,0.4691358025
131,0,0,111,0,0,0,0,0,0,0,0,5.718338041,0,0,0,0,0,0,0,0,2.507364473,0,0,0,0,0,0,0,0,0.4530612245,0.4530612245
132,0,0,113,0,0,0,0,0,0,0,0,5.821371159,0,0,0,0,0,0,0,0,2.541863699,0,0,0,0,0,0,0,0,0.4650205761,0.4650205761
133,0,0,99,0,0,0,0,0,0,0,0,5.100139334,0,0,0,0,0,0,0,0,2.225673814,0,0,0,0,0,0,0,0,0.4040816327,0.4040816327
134,0,0,110,0,0,0,0,0,0,0,0,5.666821483,0,0,0,0,0,0,0,0,2.475229014,0,0,0,0,0,0,0,0,0.4435483871,0.4435483871
135,0,0,114,0,0,0,0,0,0,0,0,5.872887718,0,0,0,0,0,0,0,0,2.556925761,0,0,0,0,0,0,0,0,0.4578313253,0.4578313253
136,0,0,104,0,0,0,0,0,0,0,0,5.357722129,0,0,0,0,0,0,0,0,2.337199843,0,0,0,0,0,0,0,0,0.4193548387,0.4193548387
137,0,0,104,0,0,0,0,0,0,0,0,5.357722129,0,0,0,0,0,0,0,0,2.33368105,0,0,0,0,0,0,0,0,0.4227642276,0.4227642276
138,0,0,110,0,0,0,0,0,0,0,0,5.666821483,0,0,0,0,0,0,0,0,2.483163617,0,0,0,0,0,0,0,0,0.4471544715,0.4471544715
139,0,0,119,0,0,0,0,0,0,0,0,6.130470513,0,0,0,0,0,0,0,0,2.686402768,0,0,0,0,0,0,0,0,0.4837398374,0.4837398374
140,0,0,110,0,0,0,0,0,0,0,0,5.666821483,0,0,0,0,0,0,0,0,2.459451722,0,0,0,0,0,0,0,0,0.4471544715,0.4471544715
141,0,0,106,0,0,0,0,0,0,0,0,5.460755247,0,0,0,0,0,0,0,0,2.390091354,0,0,0,0,0,0,0,0,0.4344262295,0.4344262295
142,0,0,109,0,0,0,0,0,0,0,0,5.615304924,0,0,0,0,0,0,0,0,2.454683141,0,0,0,0,0,0,0,0,0.4412955466,0.4412955466
143,0,0,107,0,0,0,0,0,0,0,0,5.512271806,0,0,0,0,0,0,0,0,2.395384942,0,0,0,0,0,0,0,0,0.4314516129,0.4314516129
144,0,0,109,0,0,0,0,0,0,0,0,5.615304924,0,0,0,0,0,0,0,0,2.44717235,0,0,0,0,0,0,0,0,0.4412955466,0.4412955466
145,0,0,108,0,0,0,0,0,0,0,0,5.563788365,0,0,0,0,0,0,0,0,2.422101324,0,0,0,0,0,0,0,0,0.435483871,0.435483871
146,0,0,113,0,0,0,0,0,0,0,0,5.821371159,0,0,0,0,0,0,0,0,2.540431086,0,0,0,0,0,0,0,0,0.4631147541,0.4631147541
147,0,0,113,0,0,0,0,0,0,0,0,5.821371159,0,0,0,0,0,0,0,0,2.522586854,0,0,0,0,0,0,0,0,0.4574898785,0.4574898785
148,0,0,110,0,0,0,0,0,0,0,0,5.666821483,0,0,0,0,0,0,0,0,2.46048382,0,0,0,0,0,0,0,0,0.4453441296,0.4453441296
149,0,0,111,0,0,0,0,0,0,0,0,5.718338041,0,0,0,0,0,0,0,0,2.487810446,0,0,0,0,0,0,0,0,0.4512195122,0.4512195122
150,0,0,108,0,0,0,0,0,0,0,0,5.563788365,0,0,0,0,0,0,0,0,2.431313912,0,0,0,0,0,0,0,0,0.4444444444,0.4444444444
151,0,0,103,0,0,0,0,0,0,0,0,5.30620557,0,0,0,0,0,0,0,0,2.305581355,0,0,0,0,0,0,0,0,0.4136546185,0.4136546185
152,0,0,107,0,0,0,0,0,0,0,0,5.512271806,0,0,0,0,0,0,0,0,2.395404199,0,0,0,0,0,0,0,0,0.4349593496,0.4349593496
153,0,0,110,0,0,0,0,0,0,0,0,5.666821483,0,0,0,0,0,0,0,0,2.476392893,0,0,0,0,0,0,0,0,0.4435483871,0.4435483871
154,0,0,114,0,0,0,0,0,0,0,0,5.872887718,0,0,0,0,0,0,0,0,2.556506699,0,0,0,0,0,0,0,0,0.4578313253,0.4578313253
155,0,0,112,0,0,0,0,0,0,0,0,5.7698546,0,0,0,0,0,0,0,0,2.502722745,0,0,0,0,0,0,0,0,0.4516129032,0.4516129032
156,0,0,107,0,0,0,0,0,0,0,0,5.512271806,0,0,0,0,0,0,0,0,2.399835348,0,0,0,0,0,0,0,0,0.4367346939,0.4367346939
157,0,0,100,0,0,0,0,0,0,0,0,5.151655893,0,0,0,0,0,0,0,0,2.254435113,0,0,0,0,0,0,0,0,0.4081632653,0.4081632653
158,0,0,109,0,0,0,0,0,0,0,0,5.615304924,0,0,0,0,0,0,0,0,2.449281012,0,0,0,0,0,0,0,0,0.4467213115,0.4467213115
159,0,0,107,0,0,0,0,0,0,0,0,5.512271806,0,0,0,0,0,0,0,0,2.398650089,0,0,0,0,0,0,0,0,0.4331983806,0.4331983806
160,0,0,112,0,0,0,0,0,0,0,0,5.7698546,0,0,0,0,0,0,0,0,2.50817115,0,0,0,0,0,0,0,0,0.4571428571,0.4571428571
161,0,0,107,0,0,0,0,0,0,0,0,5.512271806,0,0,0,0,0,0,0,0,2.400316574,0,0,0,0,0,0,0,0,0.4331983806,0.4331983806
162,0,0,106,0,0,0,0,0,0,0,0,5.460755247,0,0,0,0,0,0,0,0,2.380890307,0,0,0,0,0,0,0,0,0.4344262295,0.4344262295
163,0,0,105,0,0,0,0,0,0,0,0,5.409238688,0,0,0,0,0,0,0,0,2.351208593,0,0,0,0,0,0,0,0,0.4251012146,0.4251012146
164,0,0,110,0,0,0,0,0,0,0,0,5.666821483,0,0,0,0,0,0,0,0,2.469321616,0,0,0,0,0,0,0,0,0.4435483871,0.4435483871
165,0,0,109,0,0,0,0,0,0,0,0,5.615304924,0,0,0,0,0,0,0,0,2.440691982,0,0,0,0,0,0,0,0,0.439516129,0.439516129
166,0,0,100,0,0,0,0,0,0,0,0,5.151655893,0,0,0,0,0,0,0,0,2.23980121,0,0,0,0,0,0,0,0,0.406504065,0.406504065
167,0,0,100,0,0,0,0,0,0,0,0,5.151655893,0,0,0,0,0,0,0,0,2.250198366,0,0,0,0,0,0,0,0,0.4081632653,0.4081632653
168,0,0,108,0,0,0,0,0,0,0,0,5.563788365,0,0,0,0,0,0,0,0,2.421627982,0,0,0,0,0,0,0,0,0.4390243902,0.4390243902
169,0,0,107,0,0,0,0,0,0,0,0,5.512271806,0,0,0,0,0,0,0,0,2.400475981,0,0,0,0,0,0,0,0,0.4331983806,0.4331983806
170,0,0,105,0,0,0,0,0,0,0,0,5.409238688,0,0,0,0,0,0,0,0,2.349958343,0,0,0,0,0,0,0,0,0.4251012146,0.4251012146
171,0,0,109,0,0,0,0,0,0,0,0,5.615304924,0,0,0,0,0,0,0,0,2.449579111,0,0,0,0,0,0,0,0,0.4430894309,0.4430894309
172,0,0,109,0,0,0,0,0,0,0,0,5.615304924,0,0,0,0,0,0,0,0,2.448816912,0,0,0,0,0,0,0,0,0.4467213115,0.4467213115
173,0,0,103,0,0,0,0,0,0,0,0,5.30620557,0,0,0,0,0,0,0,0,2.312558335,0,0,0,0,0,0,0,0,0.4170040486,0.4170040486
174,0,0,111,0,0,0,0,0,0,0,0,5.718338041,0,0,0,0,0,0,0,0,2.485088089,0,0,0,0,0,0,0,0,0.4530612245,0.4530612245
175,0,0,107,0,0,0,0,0,0,0,0,5.512271806,0,0,0,0,0,0,0,0,2.398960649,0,0,0,0,0,0,0,0,0.4385245902,0.4385245902
176,0,0,109,0,0,0,0,0,0,0,0,5.615304924,0,0,0,0,0,0,0,0,2.444975228,0,0,0,0,0,0,0,0,0.4448979592,0.4448979592
177,0,0,111,0,0,0,0,0,0,0,0,5.718338041,0,0,0,0,0,0,0,0,2.502499635,0,0,0,0,0,0,0,0,0.4530612245,0.4530612245
178,0,0,109,0,0,0,0,0,0,0,0,5.615304924,0,0,0,0,0,0,0,0,2.440558853,0,0,0,0,0,0,0,0,0.4412955466,0.4412955466
179,0,0,105,0,0,0,0,0,0,0,0,5.409238688,0,0,0,0,0,0,0,0,2.361350423,0,0,0,0,0,0,0,0,0.4303278689,0.4303278689
180,0,0,112,0,0,0,0,0,0,0,0,5.7698546,0,0,0,0,0,0,0,0,2.52058549,0,0,0,0,0,0,0,0,0.4534412955,0.4534412955
181,0,0,105,0,0,0,0,0,0,0,0,5.409238688,0,0,0,0,0,0,0,0,2.36318362,0,0,0,0,0,0,0,0,0.4268292683,0.4268292683
182,0,0,114,0,0,0,0,0,0,0,0,5.872887718,0,0,0,0,0,0,0,0,2.558511425,0,0,0,0,0,0,0,0,0.4596774194,0.4596774194
183,0,0,109,0,0,0,0,0,0,0,0,5.615304924,0,0,0,0,0,0,0,0,2.451782379,0,0,0,0,0,0,0,0,0.4448979592,0.4448979592
184,0,0,108,0,0,0,0,0,0,0,0,5.563788365,0,0,0,0,0,0,0,0,2.41737411,0,0,0,0,0,0,0,0,0.4372469636,0.4372469636
185,0,0,118,0,0,0,0,0,0,0,0,6.078953954,0,0,0,0,0,0,0,0,2.662404606,0,0,0,0,0,0,0,0,0.4777327935,0.4777327935
186,0,0,99,0,0,0,0,0,0,0,0,5.100139334,0,0,0,0,0,0,0,0,2.228329523,0,0,0,0,0,0,0,0,0.3991935484,0.3991935484
187,0,0,106,0,0,0,0,0,0,0,0,5.460755247,0,0,0,0,0,0,0,0,2.387308292,0,0,0,0,0,0,0,0,0.4326530612,0.4326530612
188,0,0,107,0,0,0,0,0,0,0,0,5.512271806,0,0,0,0,0,0,0,0,2.401978051,0,0,0,0,0,0,0,0,0.4314516129,0.4314516129
189,0,0,112,0,0,0,0,0,0,0,0,5.7698546,0,0,0,0,0,0,0,0,2.511747001,0,0,0,0,0,0,0,0,0.4534412955,0.4534412955
190,0,0,98,0,0,0,0,0,0,0,0,5.048622775,0,0,0,0,0,0,0,0,2.194484246,0,0,0,0,0,0,0,0,0.4,0.4
191,0,0,105,0,0,0,0,0,0,0,0,5.409238688,0,0,0,0,0,0,0,0,2.358583329,0,0,0,0,0,0,0,0,0.4303278689,0.4303278689
192,0,0,105,0,0,0,0,0,0,0,0,5.409238688,0,0,0,0,0,0,0,0,2.36454049,0,0,0,0,0,0,0,0,0.4320987654,0.4320987654
193,0,0,117,0,0,0,0,0,0,0,0,6.027437395,0,0,0,0,0,0,0,0,2.637258603,0,0,0,0,0,0,0,0,0.4795081967,0.4795081967
194,0,0,118,0,0,0,0,0,0,0,0,6.078953954,0,0,0,0,0,0,0,0,2.657831625,0,0,0,0,0,0,0,0,0.4816326531,0.4816326531
195,0,0,104,0,0,0,0,0,0,0,0,5.357722129,0,0,0,0,0,0,0,0,2.33262184,0,0,0,0,0,0,0,0,0.4210526316,0.4210526316
196,0,0,110,0,0,0,0,0,0,0,0,5.666821483,0,0,0,0,0,0,0,0,2.477881243,0,0,0,0,0,0,0,0,0.4453441296,0.4453441296
197,0,0,108,0,0,0,0,0,0,0,0,5.563788365,0,0,0,0,0,0,0,0,2.426694641,0,0,0,0,0,0,0,0,0.4372469636,0.4372469636
198,0,0,106,0,0,0,0,0,0,0,0,5.460755247,0,0,0,0,0,0,0,0,2.385219644,0,0,0,0,0,0,0,0,0.4326530612,0.4326530612
199,0,0,114,0,0,0,0,0,0,0,0,5.872887718,0,0,0,0,0,0,0,0,2.564212514,0,0,0,0,0,0,0,0,0.4615384615,0.4615384615
