r(Angstrom),g_mean,g_se,CN_raw,CN_raw_se,g_smooth,CN_smooth
0.01,0,0,0,0,0,0
0.03,0,0,0,0,0,0
0.05,0,0,0,0,0,0
0.07,0,0,0,0,0,0
0.09,0,0,0,0,0,0
0.11,0,0,0,0,0,0
0.13,0,0,0,0,0,0
0.15,0,0,0,0,0,0
0.17,0,0,0,0,0,0
0.19,0,0,0,0,0,0
0.21,0,0,0,0,0,0
0.23,0,0,0,0,0,0
0.25,0,0,0,0,0,0
0.27,0,0,0,0,0,0
0.29,0,0,0,0,0,0
0.31,0,0,0,0,0,0
0.33,0,0,0,0,0,0
0.35,0,0,0,0,0,0
0.37,0,0,0,0,0,0
0.39,0,0,0,0,0,0
0.41,0,0,0,0,0,0
0.43,0,0,0,0,0,0
0.45,0,0,0,0,0,0
0.47,0,0,0,0,0,0
0.49,0,0,0,0,0,0
0.51,0,0,0,0,0,0
0.53,0,0,0,0,0,0
0.55,0,0,0,0,0,0
0.57,0,0,0,0,0,0
0.59,0,0,0,0,0,0
0.61,0,0,0,0,0,0
0.63,0,0,0,0,0,0
0.65,0,0,0,0,0,0
0.67,0,0,0,0,0,0
0.69,0,0,0,0,0,0
0.71,0,0,0,0,0,0
0.73,0,0,0,0,0,0
0.75,0,0,0,0,0,0
0.77,0,0,0,0,0,0
0.79,0,0,0,0,0,0
0.81,0,0,0,0,0,0
0.83,0,0,0,0,0,0
0.85,0,0,0,0,0,0
0.87,0,0,0,0,0,0
0.89,0,0,0,0,0,0
0.91,0,0,0,0,0,0
0.93,0,0,0,0,0,0
0.95,0,0,0,0,0,0
0.97,0,0,0,0,0,0
0.99,0,0,0,0,0,0
1.01,0,0,0,0,0,0
1.03,0,0,0,0,0,0
1.05,0,0,0,0,0,0
1.07,0,0,0,0,0,0
1.09,0,0,0,0,0,0
1.11,0,0,0,0,0,0
1.13,0,0,0,0,0,0
1.15,0,0,0,0,0,0
1.17,0,0,0,0,0,0
1.19,0,0,0,0,0,0
1.21,0,0,0,0,0,0
1.23,0,0,0,0,0,0
1.25,0,0,0,0,0,0
1.27,0,0,0,0,0,0
1.29,0,0,0,0,0,0
1.31,0,0,0,0,0,0
1.33,0,0,0,0,0,0
1.35,0,0,0,0,0,0
1.37,0,0,0,0,0,0
1.39,0,0,0,0,0,0
1.41,0,0,0,0,0,0
1.43,0,0,0,0,0,0
1.45,0,0,0,0,0,0
1.47,0,0,0,0,0,0
1.49,0,0,0,0,0,0
1.51,0,0,0,0,0,0
1.53,0,0,0,0,0,0
1.55,0,0,0,0,0,0
1.57,0,0,0,0,0,0
1.59,0,0,0,0,0,0
1.61,0,0,0,0,0,0
1.63,0,0,0,0,0,0
1.65,0,0,0,0,0,0
1.67,0,0,0,0,0,0
1.69,0,0,0,0,0,0
1.71,0,0,0,0,0,0
1.73,0,0,0,0,0,0
1.75,0,0,0,0,0,0
1.77,0,0,0,0,0,0
1.79,0,0,0,0,0,0
1.81,0,0,0,0,0,0
1.83,0,0,0,0,0,0
1.85,0,0,0,0,0,0
1.87,0,0,0,0,0,0
1.89,0,0,0,0,0,0
1.91,0,0,0,0,0,0
1.93,0,0,0,0,-0.0003870438144,-7.693190593e-07
1.95,0,0,0,0,9.676095359e-05,-1.342301591e-06
1.97,0,0,0,0,0.0004730535509,-1.663070355e-07
1.99,0,0,0,0,0.0007418339775,2.380984785e-06
2.01,0,0,0,0,0.0009031022335,5.895595366e-06
2.03,0.004612272121,0.004612272121,1.014235345e-05,1.014235345e-05,0.0002493964801,8.390993234e-06
2.05,0,0,2.02847069e-05,2.02847069e-05,0.0007345294341,1.058662317e-05
2.07,0,0,2.02847069e-05,2.02847069e-05,0.001352024523,1.532524484e-05
2.09,0,0,2.02847069e-05,2.02847069e-05,0.0006665182466,1.997024744e-05
2.11,0,0,2.02847069e-05,2.02847069e-05,0.002583768032,2.76621664e-05
2.13,0.008430586912,0.005802409026,4.069497736e-05,3.433221495e-05,0.004706365294,4.519450521e-05
2.15,0.004116472587,0.004116472587,7.125917139e-05,5.853364658e-05,0.005810283434,7.092048784e-05
2.17,0.004061731481,0.004061731481,9.161925608e-05,7.889373126e-05,0.008641808291,0.0001069672611
2.19,0.01989984777,0.007907576621,0.000152754954,0.0001093376962,0.007870692551,0.000148825468
2.21,0.007863741319,0.005412200227,0.0002241793769,0.0001436810539,0.009821268332,0.000194565568
2.23,0.003823885304,0.003823885304,0.0002548214655,0.0001679338103,0.01310318876,0.0002549333644
2.25,0.01879495261,0.007468661737,0.0003157422746,0.0001982572218,0.01419931521,0.0003280631937
2.27,0.003701206373,0.003701206373,0.0003766930449,0.0002286105945,0.0148715174,0.0004073139567
2.29,0.03265050981,0.01231284638,0.0004782379048,0.0002732434654,0.01392212751,0.0004871650394
2.31,0.02139337189,0.009116057248,0.000630522101,0.0003336566657,0.01159400201,0.0005591373958
2.33,0.003563525782,0.003563525782,0.0007017620186,0.0003699375762,0.0168725054,0.0006410298015
2.35,0.02072698763,0.007263586904,0.0007731660868,0.0004016661599,0.02650697273,0.000768022667
2.37,0.02036541469,0.008663727824,0.0008952877451,0.0004490390112,0.03585776466,0.0009536124748
2.39,0.03338579298,0.007659506243,0.001058091598,0.0004983535476,0.03905925932,0.001180144584
2.41,0.09534878312,0.01996247094,0.001455370431,0.0005835704003,0.0483133601,0.001448939015
2.43,0.07768110258,0.01734805819,0.001995657256,0.0007001036152,0.06211173704,0.001794389605
2.45,0.05418875974,0.01334132833,0.002413997476,0.0007974997896,0.08689920687,0.002268444463
2.47,0.07798751746,0.01346037028,0.002841459871,0.0008840537879,0.1103807866,0.00290613832
2.49,0.1384770662,0.02000576777,0.003553503514,0.0009940638012,0.1157330747,0.003648391808
2.51,0.1968086012,0.03041373225,0.004673296444,0.001162499384,0.01253376469,0.004073430786
2.53,0.2592277081,0.03242016761,0.006220368685,0.001375481789,-0.1686101676,0.003539654952
2.55,0.2403307625,0.01985261128,0.007939713019,0.001555103393,0.3425369032,0.004152297911
2.57,0.3345252835,0.03320300711,0.009952663059,0.001741013325,1.179912394,0.009499459201
2.59,0.6678633394,0.04160383892,0.01352236455,0.002006961446,2.054621024,0.02101273172
2.61,2.441414014,0.09272198487,0.0247877408,0.00249293633,2.77535659,0.03845601346
2.63,6.034534432,0.07012714406,0.05593587649,0.003088826028,3.253137848,0.06055193799
2.65,4.182106425,0.093955677,0.09388109061,0.003699749021,3.386771064,0.08525064165
2.67,2.679991969,0.1025650943,0.1197478918,0.004442003184,3.130948998,0.109852543
2.69,1.679909722,0.05724924153,0.1364295808,0.005053231062,2.501973215,0.1314239808
2.71,1.115783282,0.03458705241,0.1472889624,0.005409834079,1.53906542,0.1471164402
2.73,0.5656424985,0.02978134346,0.153911235,0.005663819993,0.5945593713,0.1555125394
2.75,0.3778970775,0.03628335513,0.1576858056,0.005928682195,0.3368954612,0.1592366509
2.77,0.3000795536,0.02194230488,0.1604394571,0.006164944383,0.2022748188,0.1614243878
2.79,0.1495167014,0.01572064451,0.1622891604,0.006320084762,0.1297726886,0.1627916268
2.81,0.1013365707,0.01485476577,0.1633371981,0.006447975113,0.08635224767,0.1636945162
2.83,0.08807642168,0.01555959606,0.1641405938,0.006577063003,0.07507185446,0.1643791975
2.85,0.05174053783,0.0112623256,0.1647412668,0.006692374716,0.05086509111,0.1649204984
2.87,0.06473512851,0.009730732354,0.165250062,0.006783959473,0.03461873468,0.1652931264
2.89,0.02273328334,0.008391422035,0.1656359156,0.00686412891,0.03415770858,0.1655975241
2.91,0.02250694856,0.006106841419,0.1658389375,0.00692912342,0.02876625803,0.1658797471
2.93,0.01997501287,0.005999016257,0.1660321475,0.006984200589,0.0229972723,0.1661150866
2.95,0.02850030081,0.01020855494,0.1662560049,0.007059089241,0.02040986498,0.1663152185
2.97,0.02591782083,0.006595262834,0.1665103506,0.00713753991,0.01704619427,0.1664902349
2.99,0.01495491037,0.005607390374,0.1667036899,0.007195334529,0.01774283669,0.1666551156
3.01,0.01053523498,0.004186648541,0.1668259682,0.00724232618,0.01632862297,0.1668187029
3.03,0.01248816525,0.004376389943,0.1669380832,0.007284007553,0.01366618974,0.1669645981
3.05,0.01435350231,0.005379285367,0.1670705148,0.00733215071,0.01029845064,0.1670826717
3.07,0.008122639072,0.004758748017,0.1671826168,0.007382786685,0.008903962412,0.167178574
3.09,0.01603593575,0.005376806854,0.167305172,0.007434115024,0.00965362523,0.1672725405
3.11,0.003940390366,0.002711970196,0.1674072132,0.00747550722,0.01150712606,0.1673811171
3.13,0.009735755558,0.004794807278,0.1674784471,0.007514570677,0.01420301624,0.1675147587
3.15,0.01528914761,0.006442404139,0.1676102975,0.007573748554,0.01603106535,0.1676738914
3.17,0.02279101923,0.006968674999,0.1678134631,0.007645228107,0.01869527745,0.1678590228
3.19,0.02625021122,0.005515155506,0.1680782182,0.007712544371,0.01883385919,0.1680615433
3.21,0.0221696914,0.004924884856,0.1683426606,0.00776957191,0.02007776143,0.1682742112
3.23,0.01275748801,0.004769219936,0.1685355834,0.007823202437,0.01965910994,0.1684940544
3.25,0.01808473195,0.006704296436,0.1687085389,0.007887541442,0.01856584703,0.1687081443
3.27,0.0124523978,0.003893338666,0.1688815235,0.007947544407,0.01711627817,0.1689104525
3.29,0.02118898927,0.005967185334,0.1690749627,0.008004225739,0.0171576716,0.1691072189
3.31,0.02260869714,0.003806389707,0.1693295286,0.008060945548,0.01912819666,0.1693181516
3.33,0.01886732309,0.004628026654,0.1695733506,0.008110584393,0.02005156166,0.1695486327
3.35,0.02023555211,0.007855411604,0.1698061748,0.008185012093,0.02022337337,0.1697883915
3.37,0.02522675678,0.004804844434,0.1700802372,0.008261173209,0.02464218296,0.1700588382
3.39,0.02647935821,0.008143054252,0.1703955002,0.008340228377,0.02862617353,0.1703837237
3.41,0.02464179692,0.006244820139,0.1707107844,0.008428913913,0.032774616,0.170762637
3.43,0.04213726869,0.007093550031,0.1711282232,0.008512196079,0.03993808621,0.1712167335
3.45,0.05758129807,0.009426658797,0.1717584825,0.008616601795,0.04534880121,0.1717554927
3.47,0.0474815382,0.007081389861,0.1724292859,0.00872197411,0.0502072782,0.1723661162
3.49,0.05001292836,0.006897998124,0.1730594282,0.008812307691,0.05345631551,0.1730361524
3.51,0.06655342351,0.007880375964,0.1738220278,0.008908949037,0.05759686908,0.1737622499
3.53,0.0566456405,0.008987304757,0.1746362248,0.009020516574,0.06451499983,0.1745698906
3.55,0.06808527019,0.008472636328,0.1754707525,0.009137254555,0.07295983613,0.175489526
3.57,0.0762242498,0.00905876252,0.1764470176,0.009255840522,0.0887609694,0.1765838335
3.59,0.1050921126,0.01087176781,0.1776881676,0.009392217381,0.09927328664,0.1778702268
3.61,0.1242508686,0.01081241877,0.1792749854,0.009542177794,0.1061287899,0.1792910023
3.63,0.1171480862,0.01230085836,0.1809627698,0.009703862229,0.1116682119,0.180814231
3.65,0.1344660855,0.01334130125,0.1827424301,0.009885200386,0.1218585109,0.1824657306
3.67,0.1046695505,0.01396965519,0.1844506574,0.01008044932,0.1331059589,0.1842887089
3.69,0.1259840799,0.01227418933,0.1861183228,0.010270035,0.1427403729,0.1862825027
3.71,0.1551067387,0.01382870221,0.188172927,0.01046078597,0.1607173212,0.1885000636
3.73,0.2109151998,0.01482729522,0.1908780296,0.01067243567,0.1820511687,0.1910320825
3.75,0.1991946709,0.01639676375,0.1939386671,0.01090555813,0.1982891754,0.193871633
3.77,0.211620708,0.01676138786,0.19703842,0.01115572294,0.2156105533,0.1969948511
3.79,0.2441135984,0.0167101938,0.2005145331,0.01141092907,0.2249187063,0.2003540961
3.81,0.2258078477,0.01904120833,0.2041347798,0.01168650675,0.2340558225,0.203891104
3.83,0.2249761951,0.01823750571,0.2076449306,0.01197675749,0.2474489655,0.2076410525
3.85,0.2585101788,0.01492896396,0.2114506629,0.01223759539,0.2635607998,0.2116626411
3.87,0.2812526153,0.01963096933,0.2157431304,0.01251256722,0.2766234494,0.2159580607
3.89,0.3137304904,0.02222216712,0.2205241981,0.01284889648,0.2955069158,0.2205549809
3.91,0.3279770455,0.0204972842,0.2257331505,0.01319555314,0.3135901436,0.2254994131
3.93,0.3074252531,0.01880806006,0.2309425038,0.01351778099,0.3393811217,0.2308547683
3.95,0.3434328347,0.02538523163,0.2363355636,0.01388414373,0.3486607127,0.2365547251
3.97,0.380940045,0.02356143246,0.2423987458,0.01429365537,0.3568203318,0.242458579
3.99,0.3626950521,0.02501886376,0.2486837701,0.01470435684,0.3684425314,0.2485895751
4.01,0.4232203478,0.02297756474,0.2553964732,0.01511406159,0.3797609733,0.2549781946
4.03,0.3463103412,0.01590653673,0.2620292668,0.01544907756,0.4075879783,0.2617691386
4.05,0.423240927,0.02044006756,0.2687350509,0.01576583663,0.4288204911,0.2690548192
4.07,0.4648145627,0.02198562184,0.2765482103,0.01613908101,0.4604421804,0.2768781659
4.09,0.481941793,0.02036872826,0.2849588963,0.01651523998,0.495279196,0.2853692584
4.11,0.5737252436,0.02710080571,0.294432455,0.01694134569,0.5229697525,0.2945043649
4.13,0.5367000734,0.02277684624,0.3044889766,0.01739294361,0.5583717081,0.3043006317
4.15,0.5942445418,0.0193502982,0.3148352281,0.01777809041,0.5704219439,0.3146252003
4.17,0.5692143827,0.03080449129,0.3255782645,0.01824176137,0.5858325726,0.3253035019
4.19,0.5875172998,0.02821056976,0.336364063,0.01879188248,0.5969878489,0.3363322242
4.21,0.6162518816,0.03060823035,0.3476965536,0.01934565735,0.6041981869,0.3476394346
4.23,0.6126374113,0.02202191353,0.3593744815,0.019845413,0.6330734425,0.3593984828
4.25,0.6661171162,0.02882031642,0.3716443165,0.02033346298,0.6571039286,0.3717765674
4.27,0.6655207985,0.02395098662,0.384539828,0.0208442772,0.6862290871,0.3847866852
4.29,0.7156261008,0.02014478799,0.3980429795,0.02127514438,0.7050232181,0.3983871879
4.31,0.7706323947,0.03244148174,0.4127099395,0.02179456054,0.7229392335,0.4124772574
4.33,0.7391810674,0.02838340367,0.4277442311,0.02240010872,0.752494982,0.42717199
4.35,0.7442514024,0.02175324228,0.4426545911,0.02290372996,0.7739275143,0.4425152048
4.37,0.7634547173,0.02787784911,0.4579495769,0.02340747015,0.7933744335,0.4584147389
4.39,0.8280013804,0.02639586231,0.4742446875,0.02396301304,0.8075853705,0.4748047881
4.41,0.8779243893,0.0340967658,0.4918708282,0.02458831966,0.824532223,0.4916668734
4.43,0.8286107149,0.03495269617,0.5096592305,0.02530820472,0.849382977,0.5091187097
4.45,0.8426054605,0.032731438,0.527240446,0.02602011057,0.8651671638,0.5271558667
4.47,0.8797605629,0.0272016269,0.5455244414,0.02665601288,0.8801237645,0.5456821442
4.49,0.8980815052,0.03419127076,0.5645660262,0.02731386571,0.8924995618,0.564667552
4.51,0.9120455191,0.03051969058,0.5841266571,0.02801294629,0.9090969071,0.5841361294
4.53,0.9201357122,0.02535987975,0.6041016969,0.02862190285,0.9325859587,0.6042154999
4.55,0.9667803812,0.03682332247,0.6248577816,0.02930639929,0.9533318735,0.6249593501
4.57,0.9675525248,0.02433143653,0.6463210323,0.02998435998,0.9627652907,0.6462206799
4.59,0.9718401258,0.02915811164,0.6680297768,0.0305833296,0.9758435211,0.6679210802
4.61,0.9876883432,0.02368204026,0.6901564595,0.03117970234,0.9908254036,0.6901283464
4.63,1.013219849,0.0417702979,0.712947748,0.03192608605,1.004627943,0.7128569268
4.65,0.980413946,0.02973305411,0.7358503225,0.03274696832,1.005787104,0.7359539774
4.67,1.042127845,0.02844443713,0.7592904489,0.03342106048,1.023662761,0.7594719739
4.69,1.044387792,0.02578359699,0.7836769271,0.03405472329,1.032764035,0.7835071274
4.71,1.034275655,0.03374869823,0.8081791008,0.03475687222,1.043022621,0.8079764121
4.73,1.024598717,0.03536675486,0.832655013,0.03557861506,1.063559807,0.8330210113
4.75,1.111972085,0.03623247282,0.8582752167,0.03643707662,1.066701894,0.8585613129
4.77,1.039489978,0.02765960766,0.8842839845,0.03720913419,1.059579671,0.8842689539
4.79,1.095147652,0.02461847967,0.9103131938,0.03784637475,1.062492385,0.9101422678
4.81,1.092108067,0.02974310389,0.9372045774,0.03851499381,1.071695038,0.9363818226
4.83,0.9780947271,0.03113135748,0.9628636717,0.03926974518,1.068749537,0.9629174399
4.85,1.07102723,0.03690603163,0.9884833404,0.04012053885,1.059157641,0.9895166604
4.87,1.096449578,0.0321266375,1.015803394,0.04099037416,1.053304936,1.016141696
4.89,1.075385057,0.02239082615,1.043401717,0.04168266866,1.040982169,1.04275501
4.91,1.001527154,0.02959071082,1.070007792,0.0423490461,1.031193098,1.069303744
4.93,1.018635943,0.03488205286,1.096103262,0.04318212262,1.02658382,1.095883934
4.95,0.9863158991,0.02339354844,1.122210626,0.04394039881,1.009128028,1.122392647
4.97,1.022027951,0.03539791895,1.148577951,0.04471284561,1.007977898,1.148873049
4.99,0.9883527843,0.02353156295,1.175181604,0.04549208958,1.007752204,1.175549273
5.01,1.0233118,0.03031980338,1.202020166,0.04621085825,1.008715372,1.202450096
5.03,1.036761089,0.02227779926,1.229723676,0.04691773259,1.006457387,1.22954897
5.05,1.01578476,0.02496153945,1.257544486,0.04755819882,1.010456969,1.256888145
5.07,0.9538210951,0.03580804601,1.284451146,0.04838905723,1.001707899,1.284379147
5.09,0.9843704679,0.02970283121,1.311143354,0.04929086691,0.9959611745,1.311888443
5.11,1.01090572,0.02030375697,1.338838231,0.04998442168,0.9733330543,1.339220027
5.13,0.9828127061,0.02763417743,1.366725965,0.05065540538,0.9549975324,1.366193613
5.15,0.9211486568,0.02084263416,1.393564761,0.05133846225,0.9444114784,1.392971031
5.17,0.9200395166,0.03264164766,1.419724291,0.05209901639,0.9269202088,1.419557938
5.19,0.8705387738,0.01629408167,1.445359676,0.0527987914,0.8994966318,1.445707692
5.21,0.9036047345,0.02552039162,1.470960852,0.05340264974,0.8772382853,1.471343189
5.23,0.8804496264,0.03574675574,1.496900306,0.05429406416,0.8596163573,1.496596652
5.25,0.8194460288,0.02294333968,1.521803707,0.05515327342,0.8479326666,1.521614948
5.27,0.8337699791,0.02122854548,1.546212635,0.05580533202,0.8255517775,1.54632106
5.29,0.8209562009,0.01539756802,1.570828469,0.0563498723,0.815923757,1.570739949
5.31,0.7847460958,0.02054772647,1.594894978,0.05688896297,0.7975825383,1.594924446
5.33,0.7914937346,0.02306630941,1.618700945,0.05754779862,0.7892972128,1.618890252
5.35,0.7564365527,0.01619149016,1.642253083,0.05814477452,0.7739360347,1.642676371
5.37,0.8011609923,0.02093634689,1.666134749,0.05871424279,0.7549810388,1.666114701
5.39,0.7269581022,0.01879484661,1.689732825,0.05932778207,0.7381739175,1.689176039
5.41,0.7248096362,0.02292613245,1.712322787,0.05997721528,0.7206519765,1.711874944
5.43,0.6692782481,0.02560197855,1.734173123,0.06073809067,0.7027136984,1.734186408
5.45,0.7065543022,0.02237159192,1.755902128,0.06149549106,0.6923515922,1.756216367
5.47,0.6765414628,0.02688682999,1.777902814,0.06227936238,0.6773881054,1.77800546
5.49,0.6691609147,0.02026170331,1.799467077,0.06303452366,0.6777746218,1.799721779
5.51,0.6836287091,0.021986171,1.821304718,0.06371659198,0.6704159669,1.8214839
5.53,0.6760723637,0.02036654786,1.843412543,0.06440513716,0.6696561879,1.843272966
5.55,0.6451813215,0.01846217625,1.865049801,0.06504094943,0.6583577694,1.865022101
5.57,0.6574893983,0.01851868571,1.88653959,0.06565099482,0.6460616996,1.886539277
5.59,0.6264434377,0.01723928768,1.907870344,0.06624503898,0.6317691065,1.907769643
5.61,0.6394234421,0.02440346844,1.929054595,0.06694233214,0.6172206647,1.928669822
5.63,0.5943880091,0.02415445701,1.949846684,0.06776071768,0.6113932993,1.949376663
5.65,0.582776187,0.01443594684,1.969827498,0.06841517695,0.6108185925,1.970122794
5.67,0.6135126257,0.02017712689,1.990279764,0.06900722997,0.6080566762,1.990959149
5.69,0.6158138056,0.01526874998,2.011443866,0.06961716514,0.608823279,2.01190888
5.71,0.6291128825,0.01656293258,2.033028408,0.07016912098,0.6059682316,2.032969976
5.73,0.6108313424,0.01780081422,2.054675765,0.07076916117,0.6099158534,2.054198619
5.75,0.5926045846,0.01618625833,2.075832903,0.07136660724,0.6071163429,2.075595744
5.77,0.5878459696,0.02164061662,2.096731625,0.07203663974,0.592649235,2.096835828
5.79,0.585634425,0.01934820089,2.117651627,0.07276722357,0.5841277993,2.117814212
5.81,0.594424667,0.0150350887,2.13883543,0.07338417155,0.5737065461,2.138597869
5.83,0.5651719357,0.01808966931,2.159793355,0.07398309223,0.5747738364,2.159356751
5.85,0.5465018468,0.01927924584,2.180024064,0.07466326077,0.5718360854,2.180224259
5.87,0.5869285914,0.01537081045,2.200795952,0.0752979556,0.5740054072,2.201221179
5.89,0.5673802194,0.01552910857,2.222091295,0.0758680576,0.5762829707,2.222443716
5.91,0.5993533538,0.01945512065,2.243765793,0.07651814912,0.5731692389,2.243794998
5.93,0.556517977,0.0197800768,2.265379612,0.07725192662,0.5719702289,2.265210746
5.95,0.5935260525,0.02140268666,2.287035071,0.07802742154,0.5708382823,2.286727555
5.97,0.555503589,0.01975594478,2.308812594,0.0788074817,0.5644004516,2.30824568
5.99,0.5354645227,0.01815619319,2.329629717,0.07953083807,0.5596185092,2.32969447
6.01,0.564065089,0.01690805756,2.350753905,0.08020435494,0.5612737796,2.351227317
6.03,0.5797204005,0.01871319167,2.372874167,0.08089333742,0.5659453471,2.373026502
6.05,0.5626613506,0.01373359063,2.395112211,0.08152466926,0.5679897891,2.395101345
6.07,0.5663237659,0.01438058489,2.417236588,0.08207565012,0.5766552227,2.417532924
6.09,0.6079742463,0.01485229496,2.440403549,0.0826523299,0.5802021158,2.440353377
6.11,0.5605932533,0.01610674656,2.463603584,0.08326713545,0.5807903197,2.463406124
6.13,0.5838451641,0.01671893825,2.486478368,0.08392324448,0.5764711303,2.486535395
6.15,0.5739279947,0.01601739741,2.509768986,0.08458176511,0.5758300925,2.509716539
6.17,0.5702003187,0.02508173259,2.5329357,0.08541455954,0.5675728371,2.532868268
6.19,0.5740326279,0.01561059003,2.556255724,0.08624325519,0.5576118157,2.555799173
6.21,0.5402028296,0.01508755724,2.579109117,0.08687291293,0.5648585128,2.5788242
6.23,0.5689294186,0.01870808133,2.602008993,0.08757086221,0.5658716108,2.602168124
6.25,0.5488541555,0.0147947691,2.625232872,0.0882667211,0.5689827841,2.625748243
6.27,0.5824967417,0.01429253658,2.648893164,0.0888749416,0.5727831341,2.649624333
6.29,0.6178880023,0.0179529884,2.674157819,0.08955379901,0.57906013,2.673865474
6.31,0.5692847288,0.01684897079,2.699298174,0.09029080987,0.5878687674,2.698580936
6.33,0.5750968118,0.01597566575,2.723690028,0.09099037853,0.590355954,2.723693903
6.35,0.5926305665,0.01403331496,2.748738046,0.09163391609,0.59042023,2.749020626
6.37,0.6029806782,0.01560866528,2.77454572,0.09227383779,0.5934256868,2.77457385
6.39,0.6002670283,0.01497991028,2.800680939,0.09293820079,0.6002040474,2.800500805
6.41,0.5978151985,0.01933940323,2.826867387,0.09368861959,0.6106824844,2.826968002
6.43,0.601164076,0.01748969834,2.853237884,0.09449850956,0.6107415648,2.853831922
6.45,0.6526822426,0.01572828881,2.88099052,0.09523354168,0.613962532,2.880936287
6.47,0.6162495642,0.01866512783,2.909245663,0.09599964604,0.6185986839,2.90838433
6.49,0.6006397803,0.01723851235,2.936511364,0.09680403853,0.6256429635,2.93626448
6.51,0.6128285002,0.01454439394,2.963870435,0.09752041251,0.6245193176,2.964449911
6.53,0.6550513315,0.01771895767,2.99263451,0.0982525093,0.6290608619,2.992886984
6.55,0.6394089895,0.01585445695,3.022177942,0.09901865259,0.6389678973,3.02182893
6.57,0.6413283489,0.01560808541,3.051588447,0.09974112934,0.6511525203,3.051455624
6.59,0.6294493584,0.01018894247,3.080947482,0.1003367597,0.6588919757,3.081723251
6.61,0.7008911853,0.01401403585,3.111875644,0.1008996158,0.6613426791,3.112411647
6.63,0.6852004308,0.0176825306,3.144289134,0.1016411185,0.6632126774,3.143387314
6.65,0.6357524788,0.008808249774,3.175363856,0.1022637416,0.6667552236,3.174677889
6.67,0.6648262702,0.02078944659,3.206149411,0.1029651431,0.6710719886,3.20634332
6.69,0.6714459632,0.01216690905,3.237968448,0.1037492666,0.6729307159,3.238346091
6.71,0.6798740733,0.01647435714,3.270338889,0.1044356543,0.6674365199,3.270453171
6.73,0.6694848687,0.01891039367,3.302854266,0.1052885116,0.6756009531,3.302817547
6.75,0.6951753373,0.01529378755,3.335936991,0.1061173987,0.6851340696,3.335803959
6.77,0.67791147,0.01882012226,3.369418724,0.1069495272,0.6865913782,3.369253845
6.79,0.682588895,0.01744734584,3.402791715,0.1078390576,0.6904523197,3.403032581
6.81,0.7093350363,0.01534340327,3.437138853,0.1086480043,0.6974062128,3.43727797
6.83,0.6968332563,0.01841750464,3.472039012,0.1094861731,0.7004166376,3.471972124
6.85,0.7017093582,0.01684876678,3.506955054,0.110366508,0.7035116747,3.507022494
6.87,0.7126934222,0.01640492973,3.542474308,0.1112015416,0.7087419119,3.542487356
6.89,0.7171462432,0.01372638974,3.578590405,0.1119624203,0.7126815372,3.578390834
6.91,0.6933135992,0.01788181908,3.614422342,0.1127657544,0.7090777295,3.61451133
6.93,0.7255309963,0.01440815404,3.650680703,0.1135906091,0.7094217615,3.650758519
6.95,0.7115959306,0.02083612898,3.687615403,0.1144969018,0.7086030295,3.687203245
6.97,0.7155664961,0.01577674646,3.724507046,0.1154429483,0.7155020631,3.724016074
6.99,0.6914335619,0.01521798171,3.761084734,0.1162487141,0.721944321,3.76138759
7.01,0.7302748743,0.01742927939,3.798261632,0.1171025207,0.7254322058,3.799233001
7.03,0.7412041851,0.01516328269,3.836957992,0.1179594388,0.7297281304,3.837499731
7.05,0.762532011,0.0191151043,3.876729045,0.1188662994,0.7337372537,3.876204437
7.07,0.7171955308,0.01648920993,3.916082791,0.1198130899,0.7359807505,3.915295538
7.09,0.7185957259,0.01730562458,3.954488132,0.1207171121,0.7355800662,3.954657524
7.11,0.7505302913,0.01311642584,3.994009771,0.1215351422,0.7276917781,3.994018669
7.13,0.7124485613,0.01699066625,4.033582762,0.1223498809,0.7231356846,4.033265494
7.15,0.729189062,0.01756274653,4.072802009,0.1232899075,0.7259052934,4.072685075
7.17,0.7206697214,0.02009144311,4.112464247,0.124320183,0.7327619869,4.112589456
7.19,0.7310554381,0.01420242173,4.152401163,0.1252631362,0.7385358711,4.153064453
7.21,0.7457499305,0.01861380478,4.193254999,0.1261712669,0.7365555269,4.193869594
7.23,0.7611856733,0.01670981421,4.235174296,0.1271537098,0.7395081288,4.234929171
7.25,0.7328137234,0.01737344347,4.276960925,0.1281071076,0.7399921737,4.276312474
7.27,0.745002642,0.01718039673,4.318526726,0.1290789491,0.7406486106,4.31795682
7.29,0.7063623217,0.01116283848,4.359569829,0.1298800576,0.7341401026,4.359664868
7.31,0.7400743407,0.01411050002,4.400704254,0.1305989761,0.7282483303,4.401249822
7.33,0.7474590126,0.01564349749,4.443237381,0.1314498421,0.7317442814,4.442995182
7.35,0.726983483,0.01488095643,4.485624713,0.1323273338,0.7396996863,4.485298536
7.37,0.7201151042,0.01657594784,4.527454022,0.1332367606,0.739481035,4.528055734
7.39,0.7544350098,0.01488991172,4.570312051,0.1341511302,0.7448762032,4.571196512
7.41,0.7738492886,0.01718859173,4.614971672,0.1350886796,0.7414963071,4.614629627
7.43,0.7332748476,0.01740333562,4.659246599,0.1361049807,0.7439728391,4.658271756
7.45,0.7172291602,0.01575886441,4.702090047,0.1370843891,0.7435404008,4.702209615
7.47,0.7522749704,0.01793593046,4.74573246,0.1380851912,0.7377828675,4.746199771
7.49,0.7303343982,0.01228990516,4.789995911,0.1389871715,0.7282016946,4.789967854
7.51,0.740552489,0.01411772319,4.834147096,0.1397799733,0.7230874775,4.833529563
7.53,0.7063824775,0.01595720857,4.877807719,0.1406876757,0.7271637156,4.877293327
7.55,0.7187762564,0.01625376265,4.921044012,0.1416648896,0.7254909124,4.921362637
7.57,0.7277222967,0.01282007771,4.965160528,0.1425513162,0.7246171604,4.965588444
7.59,0.7353521264,0.0159748796,5.010018879,0.1434344222,0.7308930895,5.010214769
7.61,0.7452313435,0.01250016213,5.055654104,0.1443117959,0.7425762355,5.055630869
7.63,0.7312270937,0.01793976396,5.101400075,0.1452553996,0.7509970816,5.101908957
7.65,0.7637185093,0.0169814224,5.147966115,0.1463430192,0.7476408402,5.148587079
7.67,0.7593760905,0.01684926889,5.195654615,0.1474022643,0.7459386302,5.195351662
7.69,0.7656473086,0.01957787599,5.243654045,0.1485490037,0.746776003,5.242333753
7.71,0.7080426772,0.01513515744,5.290274441,0.149646902,0.7438367505,5.289494051
7.73,0.7197044945,0.01620190742,5.335681939,0.1506436002,0.7423676774,5.336759578
7.75,0.7598496836,0.01708234839,5.382983526,0.1517077014,0.7366396464,5.384039894
7.77,0.7519203631,0.01487323197,5.431561094,0.1527343581,0.7343586507,5.431307797
7.79,0.7223371093,0.01036715482,5.479175963,0.153549228,0.7324607587,5.478684721
7.81,0.734661723,0.01061003291,5.526479137,0.1542302824,0.7296785157,5.526153525
7.83,0.7208255997,0.01476495957,5.573973692,0.1550586703,0.7251988614,5.573628957
7.85,0.715623698,0.01891089339,5.621087789,0.1561635616,0.7180383507,5.620965528
7.87,0.7111142985,0.02037670478,5.668122477,0.1574588731,0.7181349457,5.668311656
7.89,0.7073715879,0.01094001696,5.715123465,0.1584957541,0.7169232223,5.715861976
7.91,0.7476550403,0.01370766848,5.763583978,0.1593168355,0.718941487,5.763681108
7.93,0.7122865522,0.01956055246,5.812448281,0.160430887,0.7232142319,5.811953432
7.95,0.7205065214,0.01476812285,5.860650073,0.1615853439,0.7275417307,5.86075919
7.97,0.7124509101,0.01526938738,5.909099173,0.1626009861,0.7234169017,5.909817264
7.99,0.7471369933,0.015047584,5.958700618,0.163631173,0.7169639962,5.958762529
8.01,0.7152123633,0.01047880192,6.008639617,0.1645025526,0.7127357316,6.007588852
8.03,0.7088550276,0.01650879559,6.057516878,0.1654293553,0.7154633835,6.056608702
8.05,0.6788677702,0.01393911254,6.10538252,0.1664794072,0.7093277341,6.105755029
8.07,0.7167845288,0.01238733188,6.153767327,0.1673919037,0.7109038171,6.154988771
8.09,0.733129695,0.01681180346,6.204281071,0.1684095292,0.7110201726,6.204525987
8.11,0.7091266983,0.01432988228,6.254773593,0.169499611,0.7117134837,6.254337137
8.13,0.6971542193,0.01214683494,6.304251058,0.170430977,0.7109772354,6.304392937
8.15,0.7397436722,0.01632956925,6.355059835,0.171438194,0.7130985549,6.354744842
8.17,0.6984009591,0.01404730322,6.406155573,0.1725173291,0.7061525537,6.405172261
8.19,0.6807466696,0.01132537866,6.455397627,0.1734230438,0.7057077832,6.455583852
8.21,0.7163911271,0.02093016371,6.505530935,0.1745812336,0.7109469806,6.50641478
8.23,0.7235594336,0.01561362078,6.557450239,0.1758983853,0.711920016,6.557717577
8.25,0.7041271175,0.01567091828,6.609175814,0.1770318774,0.7107856213,6.609264295
8.27,0.7289809862,0.01653732793,6.661354082,0.1782045799,0.7173122625,6.661258538
8.29,0.7181928635,0.01494033253,6.714296764,0.1793560224,0.7182707033,6.713778215
8.31,0.7036709208,0.01335764504,6.766564761,0.1803961471,0.7140462303,6.766431394
8.33,0.7166986438,0.01903418132,6.819032211,0.181593156,0.7157586683,6.819246366
8.35,0.7155408537,0.01381935987,6.872191514,0.1828120932,0.7147180527,6.872340251
8.37,0.71072842,0.01528986482,6.9253831,0.1838978387,0.7113709818,6.925525246
8.39,0.7171772039,0.01701374971,6.978891822,0.1851085116,0.7126803665,6.978889077
8.41,0.720387931,0.01229141479,7.033019672,0.1862114936,0.7118256184,7.032524855
8.43,0.6927367897,0.01420722217,7.086478181,0.1872141558,0.7111220429,7.086357406
8.45,0.7154423344,0.01587121426,7.140007503,0.1883576381,0.7100485016,7.140378411
8.47,0.713480811,0.01402412156,7.194580843,0.1894992358,0.7089107681,7.194571285
8.49,0.705206954,0.01361831205,7.249019187,0.190559918,0.7107351346,7.249047309
8.51,0.7200512093,0.01240486493,7.303970032,0.1915631072,0.7125681061,7.303921604
8.53,0.7035471394,0.0121280777,7.359112625,0.192513383,0.7153351506,7.359232703
8.55,0.7155262657,0.0132926447,7.414340906,0.1935028073,0.7105351705,7.414723976
8.57,0.7265343341,0.01271683769,7.470726885,0.1945197327,0.7111590409,7.470312674
8.59,0.7042362515,0.01399797813,7.526930096,0.1955692936,0.7119708062,7.526217849
8.61,0.7059843759,0.01401601611,7.582586809,0.1966749111,0.7123552777,7.58243113
8.63,0.704151092,0.01524965372,7.638498983,0.1978354182,0.7184577178,7.639163906
8.65,0.7322252695,0.01290809064,7.695718964,0.1989568531,0.7194314937,7.696441651
8.67,0.7224593129,0.01532425089,7.753933335,0.2000869114,0.7215360682,7.754108175
8.69,0.730555283,0.01685202609,7.812351421,0.2013806754,0.7260415849,7.81230734
8.71,0.7346552371,0.01578036639,7.871531241,0.202698589,0.727785615,7.871027173
8.73,0.7094047243,0.01377259248,7.930122536,0.2038975322,0.7220081942,7.929852934
8.75,0.7212272257,0.011946575,7.988439017,0.2049457258,0.715276081,7.988438846
8.77,0.7183934552,0.012253932,8.047389402,0.2059367347,0.7143983711,8.046982129
8.79,0.7111448179,0.01502530694,8.106194111,0.2070591513,0.7125733431,8.105681769
8.81,0.6912430165,0.01485970458,8.164143889,0.2082940906,0.7141705124,8.164640043
8.83,0.7279847772,0.01568866532,8.223061764,0.2095622804,0.7157568674,8.223998766
8.85,0.7301124308,0.01406415473,8.283864727,0.2108028219,0.7184641838,8.283806145
8.87,0.7199360242,0.01257543775,8.344604809,0.2119185864,0.7216082146,8.3441296
8.89,0.7259195119,0.01846213341,8.405444524,0.2132251526,0.7263172703,8.405056295
8.91,0.7182439822,0.01238906368,8.466485783,0.214528596,0.7330233961,8.466740429
8.93,0.7454396135,0.01255947608,8.528633803,0.2155878833,0.735414057,8.529087928
8.95,0.7297738324,0.01260635093,8.591548465,0.2166611814,0.7369033396,8.591880714
8.97,0.7478052463,0.01499890334,8.654849508,0.2178440161,0.7399111497,8.655147565
8.99,0.7535705266,0.01573123608,8.719456284,0.2191664456,0.7424645337,8.718936434
9.01,0.7377347514,0.01189698792,8.783913806,0.2203602586,0.7421528202,8.783106374
9.03,0.722485022,0.01394521499,8.847308589,0.2214824094,0.7390337999,8.847412612
9.05,0.7473510335,0.01564651621,8.911408037,0.2227730185,0.7384333994,8.911842384
9.07,0.7446265347,0.01152808115,8.976758581,0.2239629076,0.7363384318,8.976439352
9.09,0.7293675931,0.01631989767,9.04160557,0.2251885456,0.7395966608,9.041373529
9.11,0.742205002,0.01480685501,9.10663427,0.2265638615,0.7433992068,9.106906135
9.13,0.7440571755,0.01324830375,9.172600028,0.2278088971,0.7461052095,9.173015878
9.15,0.7545214797,0.01155894357,9.239405314,0.2289146001,0.7464950727,9.239553675
9.17,0.7594787389,0.01035373426,9.307193225,0.2298955945,0.7520045603,9.306647621
9.19,0.7434008981,0.01354564209,9.374775328,0.2309706491,0.7561713179,9.374469876
9.21,0.757830868,0.01412964387,9.442580798,0.2322206777,0.7602435527,9.442960084
9.23,0.7668821802,0.01558683821,9.511746025,0.2335688261,0.7626411582,9.512041718
9.25,0.773486748,0.01439160569,9.581924669,0.2349345024,0.7696899851,9.581854211
9.27,0.7655104437,0.01238847859,9.652343237,0.2361596714,0.7749676826,9.652533093
9.29,0.7855606212,0.01155077126,9.723623943,0.2372597051,0.7800541228,9.723993872
9.31,0.7741512511,0.01390513815,9.795607896,0.2384348005,0.7760339038,9.795811307
9.33,0.7994096563,0.01135696259,9.868547362,0.2396054841,0.7758118993,9.867741711
9.35,0.7638285279,0.01441545602,9.94131361,0.2408055124,0.7779948754,9.940072685
9.37,0.7695275757,0.01354788126,10.01299896,0.2421127188,0.7818537756,10.01299638
9.39,0.7630048804,0.01054255303,10.08495109,0.2432434699,0.7813752893,10.08639033
9.41,0.8061808756,0.01289117968,10.15894359,0.2443486219,0.7817885831,10.16009461
9.43,0.7966518341,0.01365241894,10.23483922,0.2456055785,0.7820016314,10.23414249
9.45,0.7868333724,0.0140036296,10.31013741,0.2469207368,0.7869925215,10.30875308
9.47,0.772803978,0.01457398144,10.38461573,0.2482855045,0.7901438207,10.38406879
9.49,0.7824221698,0.01441856853,10.45920015,0.2496758745,0.7913816689,10.45991359
9.51,0.7983815799,0.01297689405,10.53533204,0.2509950725,0.7906847315,10.53610461
9.53,0.7992848211,0.0172220085,10.61259881,0.2524559894,0.7954622357,10.61281466
9.55,0.8105212668,0.01488245585,10.69078119,0.2540149245,0.8036990078,10.69047976
9.57,0.7994960931,0.01451550332,10.76929975,0.2554486098,0.8093576665,10.76914825
9.59,0.8125864675,0.01325872367,10.84825079,0.256808689,0.8104341395,10.84847562
9.61,0.8117824889,0.01095127163,10.92813463,0.2579990622,0.8114176424,10.92823585
9.63,0.8235695991,0.01239417856,11.00889534,0.2591520917,0.812314208,11.00842159
9.65,0.8052854509,0.01325369028,11.08966692,0.260424035,0.8152124239,11.08912948
9.67,0.8133245745,0.009913875937,11.17026657,0.2615773216,0.8207094517,11.17059091
9.69,0.8245241568,0.01346347927,11.2521626,0.2627465908,0.8218598512,11.25272194
9.71,0.8233130552,0.01411873479,11.33489761,0.2641315152,0.82360125,11.33533795
9.73,0.8395448402,0.0138283782,11.41873323,0.2655404549,0.828950163,11.41865284
9.75,0.8305757276,0.008533820613,11.50327925,0.2666719519,0.8333506913,11.50280439
9.77,0.8195957057,0.01206767085,11.58715859,0.2677195221,0.8283295919,11.58726935
9.79,0.8329808354,0.01163767419,11.67150734,0.2689293959,0.8262603516,11.67171926
9.81,0.8427888185,0.01510120397,11.75738968,0.2703000956,0.824490281,11.75631819
9.83,0.8081222228,0.009972460477,11.84233907,0.2715898055,0.8289526627,11.84140197
9.85,0.8063998151,0.01321781519,11.92575816,0.2727883435,0.8310078296,11.92716917
9.87,0.8497827758,0.01197944236,12.01168271,0.2740954049,0.8282223065,12.01324697
9.89,0.8382394383,0.01405286536,12.0996089,0.2754516206,0.8299609765,12.09962027
9.91,0.8540217994,0.01467091301,12.18811601,0.2769539426,0.8321623163,12.18654973
9.93,0.8007563822,0.01263501922,12.27500547,0.2783876061,0.8334283135,12.27401275
9.95,0.8175764661,0.01178033209,12.36033157,0.2796747804,0.8329324238,12.36186921
9.97,0.8562914303,0.0104129976,12.4489435,0.2808494604,0.8298481026,12.44988978
9.99,0.8166268744,0.01540676141,12.53785284,0.2822222809,0.8233488052,12.53775448
